[
    {
        "name": "1911",
        "ergo": 10,
        "fire_rate": 300,
        "stability": 50,
        "damage": 40,
        "cap": 8,
        "caliber":".45 ACP",
        "desc": "It fought two major conflicts. Still going strong.",
        "file": "res://Res/Items/Gun/Pistol/1911.png"
    },
    {
        "name": "CZ-75",
        "ergo": 15,
        "fire_rate": 350,
        "stability": 55,
        "damage": 32,
        "cap": 16,
        "caliber":"9mm",
        "desc": "A wonder nine. Wonder why?",
        "file": "res://Res/Items/Gun/Pistol/Cz75.png"
    },
    {
        "name": "CZ-75 Machine Pistol",
        "ergo": -5,
        "fire_rate": 1000,
        "stability": 42,
        "damage": 32,
        "cap": 16,
        "caliber":"9mm",
        "desc": "1000 bullets a minute. 20 rounds. Wow.",
        "file": "res://Res/Items/Gun/Pistol/Cz75FullAuto.png"
    },
    {
        "name": "LAR Grizzly",
        "ergo": -5,
        "fire_rate": 300,
        "stability": 45,
        "damage": 60,
        "cap": 7,
        "caliber":".44 Magnum",
        "desc": "A 1911 that's just too big too fit.",
        "file": "res://Res/Items/Gun/Pistol/LAR_Grizzly.png"
    },
    {
        "name": "M9",
        "ergo": 10,
        "fire_rate": 350,
        "stability": 50,
        "damage": 32,
        "cap": 15,
        "caliber":"9mm",
        "desc": "The death of the 1911 meant that someone had to take the job.",
        "file": "res://Res/Items/Gun/Pistol/M9.png"
    },
    {
        "name": "M9 Machine Pistol",
        "ergo": 0,
        "fire_rate": 1100,
        "stability": 45,
        "damage": 32,
        "cap": 15,
        "caliber":"9mm",
        "desc": "A rare find. And alike, a niche.",
        "file": "res://Res/Items/Gun/Pistol/M9FullAuto.png"
    },
    {
        "name": "MR73",
        "ergo": 5,
        "fire_rate": 220,
        "stability": 10,
        "damage": 65,
        "cap": 6,
        "caliber":".357 Magnum",
        "desc": "The Gendarmerie's revolver of choice.",
        "file": "res://Res/Items/Gun/Pistol/MR73.png"
    },
    {
        "name": "MR73 Scoped",
        "ergo": -5,
        "fire_rate": 200,
        "stability": 35,
        "damage": 65,
        "cap": 6,
        "caliber":".357 Magnum",
        "desc": "A scope to strech the range",
        "file": "res://Res/Items/Gun/Pistol/Mr73Scoped.png"
    },
    {
        "name": "MR73 Sniper Variant",
        "ergo": -15,
        "fire_rate": 150,
        "stability": 35,
        "damage": 70,
        "cap": 6,
        "caliber":".357 Magnum",
        "desc": "A long 6in barrel satisfies anyone.",
        "file": "res://Res/Items/Gun/Pistol/Mr73SniperBarrel.png"
    },
    {
        "name": "VP70",
        "ergo": 20,
        "fire_rate": 400,
        "stability": 60,
        "damage": 48,
        "cap": 18,
        "caliber":"9mm",
        "desc": "A futuristic gun. A fad or a keeper?",
        "file": "res://Res/Items/Gun/Pistol/Vp70.png"
    }    
]