[
    {
      "name": "AK-74",
      "ergo": -20,
      "fire_rate": 650,
      "stability": 90,
      "damage": 60,
      "cap": 30,
      "caliber":"5.45x39",
      "desc": "Made by Kalashnikov. Chambered for 5.45x39. Still kills too well.",
      "file": "res://Res/Items/Gun/Rifles/Ak74.png"
    },
    {
      "name": "AKM",
      "ergo": -23,
      "fire_rate": 600,
      "stability": 84,
      "damage": 69,
      "cap": 30,
      "caliber":"7.62x39",
      "desc": "An AK. M for Modernised.",
      "file": "res://Res/Items/Gun/Rifles/AKM.png"
    },
    {
      "name": "AKM_Ding_Dong",
      "ergo": -18,
      "fire_rate": 600,
      "stability": 87,
      "damage": 66,
      "cap": 30,
      "caliber":"7.62x39",
      "desc": "AKs with a dong drip for better stability.",
      "file": "res://Res/Items/Gun/Rifles/AKM_dingdong.png"
    },
    {
      "name": "AKS-74U",
      "ergo": -14,
      "fire_rate": 650,
      "stability": 88,
      "damage": 57,
      "cap": 30,
      "caliber":"5.45x39",
      "desc": "A compact AK-74 that still kills as well.",
      "file": "res://Res/Items/Gun/Rifles/AKS-74U.png"
    },
    {
      "name": "Colt_9mm",
      "ergo": -8,
      "fire_rate": 800,
      "stability": 95,
      "damage": 48,
      "cap": 32,
      "caliber":"9mm",
      "desc": "Based off the M16. Chamber for 9mm. Great for Urban Combat.",
      "file": "res://Res/Items/Gun/Rifles/Colt9mm.png"
    },
    {
      "name": "FAL",
      "ergo": -30,
      "fire_rate": 500,
      "stability": 80,
      "damage": 70,
      "cap": 20,
      "caliber":"7.62x51",
      "desc": "The right arm of the free world. Used everywhere, even here.",
      "file": "res://Res/Items/Gun/Rifles/FAL.png"
    },
    {
      "name": "FAL_Carbine",
      "ergo": -20,
      "fire_rate": 500,
      "stability": 75,
      "damage": 67,
      "cap": 20,
      "caliber":"7.62x51",
      "desc": "Someone decided the FAL was too unwieldy.",
      "file": "res://Res/Items/Gun/Rifles/FAL_carbine.png"
    },
    {
      "name": "FAL_Heavy_Barrel",
      "ergo": -35,
      "fire_rate": 550,
      "stability": 76,
      "damage": 70,
      "cap": 30,
      "caliber":"7.62x51",
      "desc": "Made as a squad automatic rifle. Can fire for longer periods.",
      "file": "res://Res/Items/Gun/Rifles/FAL_Heavy.png"
    },
    {
      "name": "G3_Collapsing_Stock",
      "ergo": -20,
      "fire_rate": 500,
      "stability": 84,
      "damage": 65,
      "cap": 30,
      "caliber":"7.62x51",
      "desc": "The stock is makes it more ergonomic when times need it.",
      "file": "res://Res/Items/Gun/Rifles/G3CollapsingStock.png"
    },
    {
      "name": "G3",
      "ergo": -25,
      "fire_rate": 500,
      "stability": 90,
      "damage": 65,
      "cap": 30,
      "caliber":"7.62x51",
      "desc": "German made. German built. But now it's here.",
      "file": "res://Res/Items/Gun/Rifles/G3.png"
    },
    {
      "name": "M14",
      "ergo": -32,
      "fire_rate": 300,
      "stability": 80,
      "damage": 75,
      "cap": 20,
      "caliber":"7.62x51",
      "desc": "M14 is practically outdated, but it is damn cheap.",
      "file": "res://Res/Items/Gun/Rifles/M14.png"
    },
    {
      "name": "M14_Scoped",
      "ergo": -40,
      "fire_rate": 300,
      "stability": 72,
      "damage": 75,
      "cap": 20,
      "caliber":"7.62x51",
      "desc": "A M14 with a scope so the operator never misses. Hopefully.",
      "file": "res://Res/Items/Gun/Rifles/M14_scoped.png"
    },
    {
      "name": "M16",
      "ergo": -20,
      "fire_rate": 700,
      "stability": 93,
      "damage": 63,
      "cap": 30,
      "caliber":"5.56 NATO",
      "desc": "A weapon that contests the name Kalashnikov.",
      "file": "res://Res/Items/Gun/Rifles/M16.png"
    },
    {
      "name": "Mini-14",
      "ergo": -24,
      "fire_rate": 400,
      "stability": 87,
      "damage": 68,
      "cap": 30,
      "caliber":"5.56 NATO",
      "desc": "Spiritually a M14. But chambered for 5.56.",
      "file": "res://Res/Items/Gun/Rifles/Mini14.png"
    },
    {
      "name": "RPK",
      "ergo": -35,
      "fire_rate": 650,
      "stability": 80,
      "damage": 66,
      "cap": 75,
      "caliber":"7.62x39",
      "desc": "An AK with a job to do: shoot more.",
      "file": "res://Res/Items/Gun/Rifles/RPK.png"
    },
    {
      "name": "XM177",
      "ergo": -15,
      "fire_rate": 800,
      "stability": 90,
      "damage": 63,
      "cap": 30,
      "caliber":"5.56 NATO",
      "desc": "A compact M16 built for commandos.",
      "file": "res://Res/Items/Gun/Rifles/XM177.png"
    }
  ]